<?xml version="1.0" encoding="UTF-8"?>
<PeakList>
  <PeakList1D>
    <PeakList1DHeader creator="nmr" date="2020-03-09T11:16:40.331-04:00" expNo="11" name="03082020_DMSO NNDMA" owner="" procNo="1" source="/opt/topspin3.0/data/UG_labs/nmr">
      <PeakPickDetails>F1=16.161600ppm, F2=-3.866111ppm, MI=0.00cm, MAXI=10000.00cm, PC=1.000
      </PeakPickDetails>
    </PeakList1DHeader>
    <Peak1D F1="12.050879" intensity="6.069221e-04" type="0"/>
    <Peak1D F1="9.158033" intensity="8.173944e-04" type="0"/>
    <Peak1D F1="9.010727" intensity="5.870565e-04" type="0"/>
    <Peak1D F1="4.262845" intensity="5.860431e-04" type="0"/>
    <Peak1D F1="3.872989" intensity="7.506783e-04" type="0"/>
    <Peak1D F1="3.857088" intensity="5.808432e-04" type="0"/>
    <Peak1D F1="3.746771" intensity="6.054060e-04" type="0"/>
    <Peak1D F1="3.677760" intensity="5.656946e-04" type="0"/>
    <Peak1D F1="3.582865" intensity="8.288459e-04" type="0"/>
    <Peak1D F1="3.529093" intensity="7.739593e-04" type="0"/>
    <Peak1D F1="3.518584" intensity="9.065860e-04" type="0"/>
    <Peak1D F1="3.497240" intensity="8.221366e-04" type="0"/>
    <Peak1D F1="3.483096" intensity="9.401895e-04" type="0"/>
    <Peak1D F1="3.465928" intensity="8.373127e-04" type="0"/>
    <Peak1D F1="3.460722" intensity="8.360458e-04" type="0"/>
    <Peak1D F1="3.453992" intensity="8.619120e-04" type="0"/>
    <Peak1D F1="3.428179" intensity="9.723635e-04" type="0"/>
    <Peak1D F1="3.402067" intensity="9.754447e-04" type="0"/>
    <Peak1D F1="3.374998" intensity="1.007828e-03" type="0"/>
    <Peak1D F1="3.360266" intensity="1.353085e-03" type="0"/>
    <Peak1D F1="3.344583" intensity="1.364089e-03" type="0"/>
    <Peak1D F1="3.328150" intensity="1.313702e-03" type="0"/>
    <Peak1D F1="3.315951" intensity="1.360981e-03" type="0"/>
    <Peak1D F1="3.297893" intensity="2.086504e-03" type="0"/>
    <Peak1D F1="3.285425" intensity="2.290722e-03" type="0"/>
    <Peak1D F1="3.274770" intensity="1.996036e-03" type="0"/>
    <Peak1D F1="3.210810" intensity="3.361156e-03" type="0"/>
    <Peak1D F1="3.183618" intensity="4.859817e-03" type="0"/>
    <Peak1D F1="3.116250" intensity="1.242747e-02" type="0"/>
    <Peak1D F1="3.079140" intensity="2.209127e-02" type="0"/>
    <Peak1D F1="3.048212" intensity="6.333735e-02" type="0"/>
    <Peak1D F1="3.046723" intensity="6.805596e-02" type="0"/>
    <Peak1D F1="3.044926" intensity="5.391303e-02" type="0"/>
    <Peak1D F1="3.019113" intensity="5.768950e-02" type="0"/>
    <Peak1D F1="2.985591" intensity="1.163046e-01" type="0"/>
    <Peak1D F1="2.980852" intensity="8.552649e-02" type="0"/>
    <Peak1D F1="2.951721" intensity="2.602164e-01" type="0"/>
    <Peak1D F1="2.949469" intensity="2.505910e-01" type="0"/>
    <Peak1D F1="2.943848" intensity="3.041609e-01" type="0"/>
    <Peak1D F1="2.933318" intensity="6.032349e-01" type="0"/>
    <Peak1D F1="2.913951" intensity="1.144560e+01" type="0"/>
    <Peak1D F1="2.886662" intensity="1.076605e+00" type="0"/>
    <Peak1D F1="2.884344" intensity="1.065900e+00" type="0"/>
    <Peak1D F1="2.882674" intensity="1.059135e+00" type="0"/>
    <Peak1D F1="2.878601" intensity="1.096396e+00" type="0"/>
    <Peak1D F1="2.874696" intensity="1.059473e+00" type="0"/>
    <Peak1D F1="2.848186" intensity="9.912049e-01" type="0"/>
    <Peak1D F1="2.619316" intensity="1.026451e-02" type="0"/>
    <Peak1D F1="2.615794" intensity="1.070305e-02" type="0"/>
    <Peak1D F1="2.612923" intensity="1.125988e-02" type="0"/>
    <Peak1D F1="2.609803" intensity="1.033618e-02" type="0"/>
    <Peak1D F1="2.597743" intensity="8.655371e-03" type="0"/>
    <Peak1D F1="2.594590" intensity="1.082181e-02" type="0"/>
    <Peak1D F1="2.591553" intensity="1.236755e-02" type="0"/>
    <Peak1D F1="2.588433" intensity="1.009554e-02" type="0"/>
    <Peak1D F1="2.585262" intensity="7.287305e-03" type="0"/>
    <Peak1D F1="2.578332" intensity="5.260540e-03" type="0"/>
    <Peak1D F1="2.575731" intensity="5.105517e-03" type="0"/>
    <Peak1D F1="2.570839" intensity="4.952676e-03" type="0"/>
    <Peak1D F1="2.562310" intensity="4.625819e-03" type="0"/>
    <Peak1D F1="2.537184" intensity="3.035586e-03" type="0"/>
    <Peak1D F1="2.531844" intensity="2.642539e-03" type="0"/>
    <Peak1D F1="2.528373" intensity="2.015306e-03" type="0"/>
    <Peak1D F1="2.525059" intensity="1.568297e-03" type="0"/>
    <Peak1D F1="2.521111" intensity="1.648194e-03" type="0"/>
    <Peak1D F1="2.516858" intensity="1.470412e-03" type="0"/>
    <Peak1D F1="2.499787" intensity="1.734074e-02" type="0"/>
    <Peak1D F1="2.497116" intensity="1.991823e-02" type="0"/>
    <Peak1D F1="2.493616" intensity="1.749294e-02" type="0"/>
    <Peak1D F1="2.485645" intensity="3.811686e-01" type="0"/>
    <Peak1D F1="2.482540" intensity="7.756503e-01" type="0"/>
    <Peak1D F1="2.479422" intensity="1.116936e+00" type="0"/>
    <Peak1D F1="2.476299" intensity="8.260511e-01" type="0"/>
    <Peak1D F1="2.473203" intensity="4.447479e-01" type="0"/>
    <Peak1D F1="2.459020" intensity="2.191198e-03" type="0"/>
    <Peak1D F1="2.449768" intensity="1.264571e-02" type="0"/>
    <Peak1D F1="2.446580" intensity="1.490440e-02" type="0"/>
    <Peak1D F1="2.443344" intensity="9.822722e-03" type="0"/>
    <Peak1D F1="2.440095" intensity="6.928918e-03" type="0"/>
    <Peak1D F1="2.431884" intensity="2.718596e-03" type="0"/>
    <Peak1D F1="2.428421" intensity="2.127668e-03" type="0"/>
    <Peak1D F1="2.425145" intensity="1.682343e-03" type="0"/>
    <Peak1D F1="2.415952" intensity="3.802602e-03" type="0"/>
    <Peak1D F1="2.412811" intensity="5.398858e-03" type="0"/>
    <Peak1D F1="2.409772" intensity="4.426326e-03" type="0"/>
    <Peak1D F1="2.406569" intensity="3.009103e-03" type="0"/>
    <Peak1D F1="2.369655" intensity="2.483781e-03" type="0"/>
    <Peak1D F1="2.366527" intensity="4.578321e-03" type="0"/>
    <Peak1D F1="2.363394" intensity="6.505220e-03" type="0"/>
    <Peak1D F1="2.360234" intensity="4.877096e-03" type="0"/>
    <Peak1D F1="2.357285" intensity="3.063000e-03" type="0"/>
    <Peak1D F1="2.352545" intensity="6.558162e-03" type="0"/>
    <Peak1D F1="2.144776" intensity="1.773990e-03" type="0"/>
    <Peak1D F1="2.108760" intensity="2.503761e-03" type="0"/>
    <Peak1D F1="2.076299" intensity="3.918240e-02" type="0"/>
    <Peak1D F1="2.047486" intensity="1.039017e-01" type="0"/>
    <Peak1D F1="2.040460" intensity="3.097478e-03" type="0"/>
    <Peak1D F1="2.033704" intensity="4.298603e-03" type="0"/>
    <Peak1D F1="2.024949" intensity="4.122122e-03" type="0"/>
    <Peak1D F1="2.015622" intensity="1.917075e-03" type="0"/>
    <Peak1D F1="1.999997" intensity="1.057150e-02" type="0"/>
    <Peak1D F1="1.972909" intensity="1.758155e-02" type="0"/>
    <Peak1D F1="1.963957" intensity="1.827566e-01" type="0"/>
    <Peak1D F1="1.961597" intensity="1.820037e-01" type="0"/>
    <Peak1D F1="1.942820" intensity="1.500000e+01" type="0"/>
    <Peak1D F1="1.916404" intensity="1.671981e-01" type="0"/>
    <Peak1D F1="1.909836" intensity="1.662893e-01" type="0"/>
    <Peak1D F1="1.905118" intensity="5.709760e-02" type="0"/>
    <Peak1D F1="1.895651" intensity="2.429761e-02" type="0"/>
    <Peak1D F1="1.890242" intensity="2.340262e-02" type="0"/>
    <Peak1D F1="1.882033" intensity="7.120597e-03" type="0"/>
    <Peak1D F1="1.876236" intensity="7.260218e-02" type="0"/>
    <Peak1D F1="1.856815" intensity="2.917107e-03" type="0"/>
    <Peak1D F1="1.853237" intensity="4.007234e-03" type="0"/>
    <Peak1D F1="1.842301" intensity="8.698197e-03" type="0"/>
    <Peak1D F1="1.834812" intensity="1.079326e-01" type="0"/>
    <Peak1D F1="1.801625" intensity="8.972508e-04" type="0"/>
    <Peak1D F1="1.777953" intensity="4.467279e-03" type="0"/>
    <Peak1D F1="1.768039" intensity="7.320311e-04" type="0"/>
    <Peak1D F1="1.751914" intensity="1.266224e-03" type="0"/>
    <Peak1D F1="1.725458" intensity="6.315367e-04" type="0"/>
    <Peak1D F1="1.708244" intensity="1.851120e-03" type="0"/>
    <Peak1D F1="1.695686" intensity="1.223042e-03" type="0"/>
    <Peak1D F1="1.677395" intensity="1.842344e-03" type="0"/>
    <Peak1D F1="1.651107" intensity="7.975951e-04" type="0"/>
    <Peak1D F1="1.642134" intensity="8.407825e-04" type="0"/>
    <Peak1D F1="1.608535" intensity="6.241768e-04" type="0"/>
    <Peak1D F1="1.569253" intensity="6.013266e-04" type="0"/>
    <Peak1D F1="1.473418" intensity="5.803809e-04" type="0"/>
    <Peak1D F1="1.262549" intensity="8.203185e-04" type="0"/>
    <Peak1D F1="1.257646" intensity="8.548500e-04" type="0"/>
    <Peak1D F1="1.011677" intensity="8.697080e-04" type="0"/>
    <Peak1D F1="0.998811" intensity="1.727289e-03" type="0"/>
    <Peak1D F1="0.986513" intensity="7.747019e-04" type="0"/>
    <Peak1D F1="0.096998" intensity="6.882081e-04" type="0"/>
    <Peak1D F1="0.021409" intensity="9.853000e-04" type="0"/>
    <Peak1D F1="0.005314" intensity="4.121807e-03" type="0"/>
    <Peak1D F1="-0.000151" intensity="1.277622e-01" type="0"/>
    <Peak1D F1="-0.026013" intensity="1.052545e-03" type="0"/>
    <Peak1D F1="-0.033156" intensity="1.362480e-03" type="0"/>
    <Peak1D F1="-0.100245" intensity="8.192372e-04" type="0"/>
    <Peak1D F1="-1.609640" intensity="6.109240e-04" type="0"/>
  </PeakList1D>
</PeakList>
