<?xml version="1.0" encoding="UTF-8"?>
<PeakList modified="2020-03-09T11:59:20">
  <PeakList1D>
    <PeakList1DHeader creator="nmr" date="2020-03-09T10:48:10" expNo="1" name="3.8.20GroupAPyr273" owner="" procNo="1" source="/nfs/bruker400/data/UG-labs/nmr">
      <PeakPickDetails>F1=3.288815ppm, F2=3.037536ppm, MI=9.80cm, MAXI=15.83cm, PC=1.000
      </PeakPickDetails>
    </PeakList1DHeader>
  </PeakList1D>
  <PeakList1D>
    <PeakList1DHeader creator="nmr" date="2020-03-09T10:48:10" expNo="1" name="3.8.20GroupAPyr273" owner="" procNo="1" source="/nfs/bruker400/data/UG-labs/nmr">
      <PeakPickDetails>F1=3.037536ppm, F2=2.239939ppm, MI=11.79cm, MAXI=16.85cm, PC=1.000
      </PeakPickDetails>
    </PeakList1DHeader>
    <Peak1D F1="2.766718" intensity="12.44685" type="0"/>
    <Peak1D F1="2.597074" intensity="15.0" type="0"/>
  </PeakList1D>
  <PeakList1D>
    <PeakList1DHeader creator="nmr" date="2020-03-09T10:48:10" expNo="1" name="3.8.20GroupAPyr273" owner="" procNo="1" source="/nfs/bruker400/data/UG-labs/nmr">
      <PeakPickDetails>F1=2.153788ppm, F2=1.775833ppm, MI=11.22cm, MAXI=15.74cm, PC=1.000
      </PeakPickDetails>
    </PeakList1DHeader>
    <Peak1D F1="1.923384" intensity="12.38848" type="0"/>
  </PeakList1D>
  <PeakList1D>
    <PeakList1DHeader creator="nmr" date="2020-03-09T10:48:10" expNo="1" name="3.8.20GroupAPyr273" owner="" procNo="1" source="/nfs/bruker400/data/UG-labs/nmr">
      <PeakPickDetails>F1=1.775833ppm, F2=1.678363ppm, MI=9.80cm, MAXI=15.83cm, PC=1.000
      </PeakPickDetails>
    </PeakList1DHeader>
  </PeakList1D>
</PeakList>
