<?xml version="1.0" encoding="UTF-8"?>
<PeakList>
  <PeakList1D>
    <PeakList1DHeader creator="nmr" date="2020-03-09T11:37:54.374-04:00" expNo="9" name="03082020_DMSO NNDMA" owner="" procNo="1" source="/nfs/bruker600/data/UG_labs/nmr">
      <PeakPickDetails>F1=2.938046ppm, F2=2.788416ppm, MI=50.00cm, MAXI=10000.00cm, PC=4.000
      </PeakPickDetails>
    </PeakList1DHeader>
    <Peak1D F1="2.937752" intensity="9.931767e+01" type="0"/>
    <Peak1D F1="2.789525" intensity="1.000000e+02" type="0"/>
  </PeakList1D>
</PeakList>
