<?xml version="1.0" encoding="UTF-8"?>
<PeakList>
  <PeakList1D>
    <PeakList1DHeader creator="nmr" date="2020-03-09T10:16:28.559-04:00" expNo="2" name="03082020_DMSO NNDMA" owner="" procNo="1" source="/opt/topspin3.0/data/UG_labs/nmr">
      <PeakPickDetails>F1=16.189270ppm, F2=-3.838442ppm, MI=0.00cm, MAXI=10000.00cm, PC=1.000
      </PeakPickDetails>
    </PeakList1DHeader>
    <Peak1D F1="14.471227" intensity="2.491217e-02" type="0"/>
    <Peak1D F1="14.017764" intensity="2.937605e-02" type="0"/>
    <Peak1D F1="12.960456" intensity="2.303854e-02" type="0"/>
    <Peak1D F1="11.760677" intensity="2.281593e-02" type="0"/>
    <Peak1D F1="8.062413" intensity="2.281820e-02" type="0"/>
    <Peak1D F1="8.018408" intensity="2.290650e-02" type="0"/>
    <Peak1D F1="7.683005" intensity="2.685886e-02" type="0"/>
    <Peak1D F1="7.603440" intensity="2.481453e-02" type="0"/>
    <Peak1D F1="7.471392" intensity="2.691724e-02" type="0"/>
    <Peak1D F1="7.421704" intensity="2.318142e-02" type="0"/>
    <Peak1D F1="7.267063" intensity="2.362522e-02" type="0"/>
    <Peak1D F1="7.168707" intensity="2.379077e-02" type="0"/>
    <Peak1D F1="7.142148" intensity="2.479959e-02" type="0"/>
    <Peak1D F1="7.094786" intensity="2.527168e-02" type="0"/>
    <Peak1D F1="7.084024" intensity="2.726418e-02" type="0"/>
    <Peak1D F1="7.052446" intensity="2.669224e-02" type="0"/>
    <Peak1D F1="7.035959" intensity="2.616189e-02" type="0"/>
    <Peak1D F1="7.013233" intensity="2.571263e-02" type="0"/>
    <Peak1D F1="6.975920" intensity="3.445561e-02" type="0"/>
    <Peak1D F1="6.967612" intensity="3.046532e-02" type="0"/>
    <Peak1D F1="6.955453" intensity="3.191788e-02" type="0"/>
    <Peak1D F1="6.936584" intensity="2.674366e-02" type="0"/>
    <Peak1D F1="6.924333" intensity="2.743395e-02" type="0"/>
    <Peak1D F1="6.911622" intensity="2.623219e-02" type="0"/>
    <Peak1D F1="6.887525" intensity="2.843903e-02" type="0"/>
    <Peak1D F1="6.880252" intensity="2.647110e-02" type="0"/>
    <Peak1D F1="6.872740" intensity="2.605732e-02" type="0"/>
    <Peak1D F1="6.866518" intensity="2.447737e-02" type="0"/>
    <Peak1D F1="6.849267" intensity="2.842657e-02" type="0"/>
    <Peak1D F1="6.829453" intensity="2.798970e-02" type="0"/>
    <Peak1D F1="6.811388" intensity="3.165311e-02" type="0"/>
    <Peak1D F1="6.797473" intensity="2.537584e-02" type="0"/>
    <Peak1D F1="6.772728" intensity="3.024109e-02" type="0"/>
    <Peak1D F1="6.736358" intensity="3.178418e-02" type="0"/>
    <Peak1D F1="6.707157" intensity="2.896204e-02" type="0"/>
    <Peak1D F1="6.665203" intensity="3.076177e-02" type="0"/>
    <Peak1D F1="6.631152" intensity="3.532618e-02" type="0"/>
    <Peak1D F1="6.610334" intensity="3.090851e-02" type="0"/>
    <Peak1D F1="6.600779" intensity="3.052315e-02" type="0"/>
    <Peak1D F1="6.575151" intensity="2.852049e-02" type="0"/>
    <Peak1D F1="6.561594" intensity="3.551190e-02" type="0"/>
    <Peak1D F1="6.536267" intensity="3.592686e-02" type="0"/>
    <Peak1D F1="6.523621" intensity="3.967038e-02" type="0"/>
    <Peak1D F1="6.505006" intensity="2.893188e-02" type="0"/>
    <Peak1D F1="6.485649" intensity="3.574547e-02" type="0"/>
    <Peak1D F1="6.467816" intensity="3.606943e-02" type="0"/>
    <Peak1D F1="6.440215" intensity="3.417339e-02" type="0"/>
    <Peak1D F1="6.416706" intensity="3.399985e-02" type="0"/>
    <Peak1D F1="6.400389" intensity="3.656567e-02" type="0"/>
    <Peak1D F1="6.375255" intensity="3.631662e-02" type="0"/>
    <Peak1D F1="6.344794" intensity="3.550672e-02" type="0"/>
    <Peak1D F1="6.329284" intensity="3.655806e-02" type="0"/>
    <Peak1D F1="6.307943" intensity="3.543056e-02" type="0"/>
    <Peak1D F1="6.293223" intensity="3.637400e-02" type="0"/>
    <Peak1D F1="6.261827" intensity="3.522008e-02" type="0"/>
    <Peak1D F1="6.239791" intensity="3.815018e-02" type="0"/>
    <Peak1D F1="6.223789" intensity="3.732398e-02" type="0"/>
    <Peak1D F1="6.177085" intensity="4.578401e-02" type="0"/>
    <Peak1D F1="6.142760" intensity="4.662244e-02" type="0"/>
    <Peak1D F1="6.112653" intensity="4.473693e-02" type="0"/>
    <Peak1D F1="6.083567" intensity="4.400416e-02" type="0"/>
    <Peak1D F1="6.068171" intensity="3.853892e-02" type="0"/>
    <Peak1D F1="6.048055" intensity="4.530598e-02" type="0"/>
    <Peak1D F1="6.039583" intensity="4.076505e-02" type="0"/>
    <Peak1D F1="6.026487" intensity="4.565056e-02" type="0"/>
    <Peak1D F1="5.977225" intensity="4.115587e-02" type="0"/>
    <Peak1D F1="5.948854" intensity="4.643755e-02" type="0"/>
    <Peak1D F1="5.937126" intensity="4.373462e-02" type="0"/>
    <Peak1D F1="5.915868" intensity="4.607653e-02" type="0"/>
    <Peak1D F1="5.904521" intensity="4.730501e-02" type="0"/>
    <Peak1D F1="5.898297" intensity="4.829629e-02" type="0"/>
    <Peak1D F1="5.857348" intensity="4.934641e-02" type="0"/>
    <Peak1D F1="5.842957" intensity="4.661122e-02" type="0"/>
    <Peak1D F1="5.780661" intensity="5.145030e-02" type="0"/>
    <Peak1D F1="5.737064" intensity="5.013668e-02" type="0"/>
    <Peak1D F1="5.726986" intensity="5.450831e-02" type="0"/>
    <Peak1D F1="5.703511" intensity="5.286196e-02" type="0"/>
    <Peak1D F1="5.647667" intensity="5.361727e-02" type="0"/>
    <Peak1D F1="5.623047" intensity="5.836139e-02" type="0"/>
    <Peak1D F1="5.593462" intensity="5.591458e-02" type="0"/>
    <Peak1D F1="5.578582" intensity="6.168749e-02" type="0"/>
    <Peak1D F1="5.570912" intensity="5.941691e-02" type="0"/>
    <Peak1D F1="5.545212" intensity="5.831168e-02" type="0"/>
    <Peak1D F1="5.538846" intensity="6.517228e-02" type="0"/>
    <Peak1D F1="5.514926" intensity="6.780883e-02" type="0"/>
    <Peak1D F1="5.499028" intensity="6.854797e-02" type="0"/>
    <Peak1D F1="5.485315" intensity="6.040235e-02" type="0"/>
    <Peak1D F1="5.451173" intensity="6.323769e-02" type="0"/>
    <Peak1D F1="5.432449" intensity="6.352687e-02" type="0"/>
    <Peak1D F1="5.424761" intensity="6.758843e-02" type="0"/>
    <Peak1D F1="5.392632" intensity="6.325380e-02" type="0"/>
    <Peak1D F1="5.387631" intensity="6.706147e-02" type="0"/>
    <Peak1D F1="5.359287" intensity="6.636441e-02" type="0"/>
    <Peak1D F1="5.322998" intensity="7.352143e-02" type="0"/>
    <Peak1D F1="5.316775" intensity="7.055460e-02" type="0"/>
    <Peak1D F1="5.309031" intensity="6.929201e-02" type="0"/>
    <Peak1D F1="5.295973" intensity="7.041942e-02" type="0"/>
    <Peak1D F1="5.254226" intensity="7.444053e-02" type="0"/>
    <Peak1D F1="5.240496" intensity="7.315218e-02" type="0"/>
    <Peak1D F1="5.211848" intensity="7.577818e-02" type="0"/>
    <Peak1D F1="5.193535" intensity="8.228388e-02" type="0"/>
    <Peak1D F1="5.168314" intensity="8.033905e-02" type="0"/>
    <Peak1D F1="5.147784" intensity="8.230169e-02" type="0"/>
    <Peak1D F1="5.114441" intensity="8.956635e-02" type="0"/>
    <Peak1D F1="5.088645" intensity="8.806992e-02" type="0"/>
    <Peak1D F1="5.079659" intensity="9.214581e-02" type="0"/>
    <Peak1D F1="5.058598" intensity="8.916952e-02" type="0"/>
    <Peak1D F1="5.036450" intensity="8.761097e-02" type="0"/>
    <Peak1D F1="4.995068" intensity="9.633705e-02" type="0"/>
    <Peak1D F1="4.950719" intensity="1.037649e-01" type="0"/>
    <Peak1D F1="4.941613" intensity="9.913975e-02" type="0"/>
    <Peak1D F1="4.908823" intensity="1.110307e-01" type="0"/>
    <Peak1D F1="4.900379" intensity="1.034885e-01" type="0"/>
    <Peak1D F1="4.888896" intensity="1.029663e-01" type="0"/>
    <Peak1D F1="4.869524" intensity="1.128460e-01" type="0"/>
    <Peak1D F1="4.815288" intensity="1.188368e-01" type="0"/>
    <Peak1D F1="4.801816" intensity="1.226839e-01" type="0"/>
    <Peak1D F1="4.796997" intensity="1.201851e-01" type="0"/>
    <Peak1D F1="4.763904" intensity="1.227772e-01" type="0"/>
    <Peak1D F1="4.732872" intensity="1.233619e-01" type="0"/>
    <Peak1D F1="4.721798" intensity="1.294292e-01" type="0"/>
    <Peak1D F1="4.700522" intensity="1.358985e-01" type="0"/>
    <Peak1D F1="4.680242" intensity="1.311912e-01" type="0"/>
    <Peak1D F1="4.670775" intensity="1.402092e-01" type="0"/>
    <Peak1D F1="4.651649" intensity="1.463840e-01" type="0"/>
    <Peak1D F1="4.636182" intensity="1.486070e-01" type="0"/>
    <Peak1D F1="4.592425" intensity="1.587805e-01" type="0"/>
    <Peak1D F1="4.540945" intensity="1.643993e-01" type="0"/>
    <Peak1D F1="4.522547" intensity="1.695264e-01" type="0"/>
    <Peak1D F1="4.511710" intensity="1.840836e-01" type="0"/>
    <Peak1D F1="4.479012" intensity="1.903146e-01" type="0"/>
    <Peak1D F1="4.464207" intensity="1.936894e-01" type="0"/>
    <Peak1D F1="4.376724" intensity="2.281475e-01" type="0"/>
    <Peak1D F1="4.369221" intensity="2.270031e-01" type="0"/>
    <Peak1D F1="4.361889" intensity="2.358935e-01" type="0"/>
    <Peak1D F1="4.322916" intensity="2.533465e-01" type="0"/>
    <Peak1D F1="4.300416" intensity="2.725990e-01" type="0"/>
    <Peak1D F1="4.238221" intensity="3.138864e-01" type="0"/>
    <Peak1D F1="4.197824" intensity="3.490950e-01" type="0"/>
    <Peak1D F1="4.109342" intensity="4.483695e-01" type="0"/>
    <Peak1D F1="4.056688" intensity="5.205937e-01" type="0"/>
    <Peak1D F1="3.662174" intensity="5.689968e+00" type="0"/>
    <Peak1D F1="3.501234" intensity="1.500000e+01" type="0"/>
    <Peak1D F1="3.235127" intensity="2.580431e+00" type="0"/>
    <Peak1D F1="3.098567" intensity="5.959964e+00" type="0"/>
    <Peak1D F1="2.937158" intensity="1.416965e+01" type="0"/>
    <Peak1D F1="2.849180" intensity="1.231654e+01" type="0"/>
    <Peak1D F1="2.814329" intensity="1.246869e+01" type="0"/>
    <Peak1D F1="2.293243" intensity="1.391724e+00" type="0"/>
    <Peak1D F1="2.113775" intensity="4.649252e+00" type="0"/>
    <Peak1D F1="1.953402" intensity="9.882858e+00" type="0"/>
    <Peak1D F1="1.607098" intensity="7.608507e-01" type="0"/>
    <Peak1D F1="1.579371" intensity="6.721767e-01" type="0"/>
    <Peak1D F1="1.505923" intensity="5.205631e-01" type="0"/>
    <Peak1D F1="1.488869" intensity="4.881744e-01" type="0"/>
    <Peak1D F1="1.407606" intensity="3.961905e-01" type="0"/>
    <Peak1D F1="1.353318" intensity="3.665232e-01" type="0"/>
    <Peak1D F1="1.251454" intensity="3.060123e-01" type="0"/>
    <Peak1D F1="1.237180" intensity="2.990195e-01" type="0"/>
    <Peak1D F1="1.212692" intensity="2.895838e-01" type="0"/>
    <Peak1D F1="1.142361" intensity="2.638514e-01" type="0"/>
    <Peak1D F1="1.123466" intensity="2.647720e-01" type="0"/>
    <Peak1D F1="1.090668" intensity="2.559970e-01" type="0"/>
    <Peak1D F1="1.069295" intensity="2.468079e-01" type="0"/>
    <Peak1D F1="1.037630" intensity="2.403240e-01" type="0"/>
    <Peak1D F1="1.004726" intensity="2.292629e-01" type="0"/>
    <Peak1D F1="0.973447" intensity="2.209500e-01" type="0"/>
    <Peak1D F1="0.941869" intensity="2.113855e-01" type="0"/>
    <Peak1D F1="0.928223" intensity="2.101663e-01" type="0"/>
    <Peak1D F1="0.910108" intensity="2.085048e-01" type="0"/>
    <Peak1D F1="0.883150" intensity="1.967964e-01" type="0"/>
    <Peak1D F1="0.853213" intensity="1.849924e-01" type="0"/>
    <Peak1D F1="0.846711" intensity="1.869908e-01" type="0"/>
    <Peak1D F1="0.808397" intensity="1.747555e-01" type="0"/>
    <Peak1D F1="0.800809" intensity="1.780437e-01" type="0"/>
    <Peak1D F1="0.792799" intensity="1.750998e-01" type="0"/>
    <Peak1D F1="0.741922" intensity="1.660417e-01" type="0"/>
    <Peak1D F1="0.719395" intensity="1.615747e-01" type="0"/>
    <Peak1D F1="0.703515" intensity="1.545201e-01" type="0"/>
    <Peak1D F1="0.693432" intensity="1.567520e-01" type="0"/>
    <Peak1D F1="0.676081" intensity="1.537963e-01" type="0"/>
    <Peak1D F1="0.641214" intensity="1.562077e-01" type="0"/>
    <Peak1D F1="0.627471" intensity="1.463663e-01" type="0"/>
    <Peak1D F1="0.622141" intensity="1.450269e-01" type="0"/>
    <Peak1D F1="0.606358" intensity="1.452432e-01" type="0"/>
    <Peak1D F1="0.569833" intensity="1.361265e-01" type="0"/>
    <Peak1D F1="0.504973" intensity="1.300080e-01" type="0"/>
    <Peak1D F1="0.493284" intensity="1.256639e-01" type="0"/>
    <Peak1D F1="0.469639" intensity="1.312828e-01" type="0"/>
    <Peak1D F1="0.461847" intensity="1.212096e-01" type="0"/>
    <Peak1D F1="0.458065" intensity="1.208214e-01" type="0"/>
    <Peak1D F1="0.442195" intensity="1.183380e-01" type="0"/>
    <Peak1D F1="0.418226" intensity="1.210798e-01" type="0"/>
    <Peak1D F1="0.396309" intensity="1.171946e-01" type="0"/>
    <Peak1D F1="0.391110" intensity="1.146474e-01" type="0"/>
    <Peak1D F1="0.366641" intensity="1.167502e-01" type="0"/>
    <Peak1D F1="0.339771" intensity="1.129952e-01" type="0"/>
    <Peak1D F1="0.327012" intensity="1.179807e-01" type="0"/>
    <Peak1D F1="0.300771" intensity="1.085547e-01" type="0"/>
    <Peak1D F1="0.286322" intensity="1.090227e-01" type="0"/>
    <Peak1D F1="0.282648" intensity="1.117219e-01" type="0"/>
    <Peak1D F1="0.271420" intensity="1.065647e-01" type="0"/>
    <Peak1D F1="0.228144" intensity="1.080934e-01" type="0"/>
    <Peak1D F1="0.212587" intensity="1.057052e-01" type="0"/>
    <Peak1D F1="0.184096" intensity="1.114645e-01" type="0"/>
    <Peak1D F1="0.156438" intensity="1.159267e-01" type="0"/>
    <Peak1D F1="0.139916" intensity="1.213126e-01" type="0"/>
    <Peak1D F1="0.116205" intensity="1.137847e-01" type="0"/>
    <Peak1D F1="0.100329" intensity="1.222800e-01" type="0"/>
    <Peak1D F1="0.080163" intensity="1.317512e-01" type="0"/>
    <Peak1D F1="-0.021603" intensity="1.802832e-01" type="0"/>
    <Peak1D F1="-0.051246" intensity="1.771004e-01" type="0"/>
    <Peak1D F1="-0.061492" intensity="1.695197e-01" type="0"/>
    <Peak1D F1="-0.082839" intensity="1.578750e-01" type="0"/>
    <Peak1D F1="-0.156972" intensity="1.105214e-01" type="0"/>
    <Peak1D F1="-0.175576" intensity="9.702156e-02" type="0"/>
    <Peak1D F1="-0.215379" intensity="8.534275e-02" type="0"/>
    <Peak1D F1="-0.239137" intensity="8.243934e-02" type="0"/>
    <Peak1D F1="-0.258755" intensity="7.728535e-02" type="0"/>
    <Peak1D F1="-0.284711" intensity="7.130745e-02" type="0"/>
    <Peak1D F1="-0.292105" intensity="7.555233e-02" type="0"/>
    <Peak1D F1="-0.301887" intensity="7.022921e-02" type="0"/>
    <Peak1D F1="-0.366071" intensity="5.891216e-02" type="0"/>
    <Peak1D F1="-0.433278" intensity="5.904932e-02" type="0"/>
    <Peak1D F1="-0.455951" intensity="5.906256e-02" type="0"/>
    <Peak1D F1="-0.495032" intensity="5.149073e-02" type="0"/>
    <Peak1D F1="-0.561374" intensity="4.974613e-02" type="0"/>
    <Peak1D F1="-0.594315" intensity="5.050199e-02" type="0"/>
    <Peak1D F1="-0.629468" intensity="5.035663e-02" type="0"/>
    <Peak1D F1="-0.646865" intensity="4.767121e-02" type="0"/>
    <Peak1D F1="-0.661199" intensity="5.408307e-02" type="0"/>
    <Peak1D F1="-0.680524" intensity="4.873788e-02" type="0"/>
    <Peak1D F1="-0.715142" intensity="4.613723e-02" type="0"/>
    <Peak1D F1="-0.737702" intensity="4.534597e-02" type="0"/>
    <Peak1D F1="-0.769535" intensity="4.268474e-02" type="0"/>
    <Peak1D F1="-0.792924" intensity="4.692666e-02" type="0"/>
    <Peak1D F1="-0.819586" intensity="3.520245e-02" type="0"/>
    <Peak1D F1="-0.844426" intensity="3.528691e-02" type="0"/>
    <Peak1D F1="-0.859945" intensity="3.491982e-02" type="0"/>
    <Peak1D F1="-0.869983" intensity="3.791436e-02" type="0"/>
    <Peak1D F1="-0.901924" intensity="3.545416e-02" type="0"/>
    <Peak1D F1="-0.911037" intensity="3.279763e-02" type="0"/>
    <Peak1D F1="-0.941863" intensity="3.592584e-02" type="0"/>
    <Peak1D F1="-0.968476" intensity="3.313274e-02" type="0"/>
    <Peak1D F1="-0.994383" intensity="3.783099e-02" type="0"/>
    <Peak1D F1="-1.014247" intensity="3.091301e-02" type="0"/>
    <Peak1D F1="-1.025898" intensity="3.574763e-02" type="0"/>
    <Peak1D F1="-1.053914" intensity="3.647992e-02" type="0"/>
    <Peak1D F1="-1.069377" intensity="3.202021e-02" type="0"/>
    <Peak1D F1="-1.106617" intensity="2.722015e-02" type="0"/>
    <Peak1D F1="-1.129474" intensity="2.681809e-02" type="0"/>
    <Peak1D F1="-1.159062" intensity="2.872354e-02" type="0"/>
    <Peak1D F1="-1.177365" intensity="3.134800e-02" type="0"/>
    <Peak1D F1="-1.189638" intensity="2.791258e-02" type="0"/>
    <Peak1D F1="-1.213528" intensity="2.308940e-02" type="0"/>
    <Peak1D F1="-1.287991" intensity="2.487669e-02" type="0"/>
    <Peak1D F1="-1.356062" intensity="2.508188e-02" type="0"/>
    <Peak1D F1="-1.417040" intensity="2.358917e-02" type="0"/>
    <Peak1D F1="-1.439025" intensity="2.652503e-02" type="0"/>
    <Peak1D F1="-1.548799" intensity="2.290799e-02" type="0"/>
    <Peak1D F1="-1.586258" intensity="2.385584e-02" type="0"/>
    <Peak1D F1="-3.362268" intensity="2.399417e-02" type="0"/>
    <Peak1D F1="-3.460084" intensity="2.511389e-02" type="0"/>
    <Peak1D F1="-3.469114" intensity="2.454020e-02" type="0"/>
    <Peak1D F1="-3.474676" intensity="2.363245e-02" type="0"/>
    <Peak1D F1="-3.498163" intensity="2.330011e-02" type="0"/>
    <Peak1D F1="-3.508191" intensity="2.557022e-02" type="0"/>
    <Peak1D F1="-3.560461" intensity="2.527182e-02" type="0"/>
    <Peak1D F1="-3.663482" intensity="2.306886e-02" type="0"/>
    <Peak1D F1="-3.701327" intensity="2.756575e-02" type="0"/>
  </PeakList1D>
</PeakList>
