<?xml version="1.0" encoding="UTF-8"?>
<PeakList>
  <PeakList1D>
    <PeakList1DHeader creator="nmr" date="2020-03-09T10:12:16.979-04:00" expNo="1" name="03082020_DMSO NNDMA" owner="" procNo="1" source="/opt/topspin3.0/data/UG_labs/nmr">
      <PeakPickDetails>F1=16.189270ppm, F2=-3.838442ppm, MI=0.00cm, MAXI=10000.00cm, PC=1.000
      </PeakPickDetails>
    </PeakList1DHeader>
    <Peak1D F1="16.188166" intensity="6.037776e-01" type="0"/>
    <Peak1D F1="3.718565" intensity="1.385248e+01" type="0"/>
    <Peak1D F1="2.899270" intensity="1.500000e+01" type="0"/>
    <Peak1D F1="1.944450" intensity="1.014106e+01" type="0"/>
  </PeakList1D>
</PeakList>
