<?xml version="1.0" encoding="UTF-8"?>
<PeakList modified="2020-03-09T11:39:12">
  <PeakList1D>
    <PeakList1DHeader creator="nmr" date="2020-03-09T11:39:12" expNo="1" name="3.8.20GroupAPyr353" owner="" procNo="1" source="/nfs/bruker400/data/UG-labs/nmr">
      <PeakPickDetails>F1=5.693605ppm, F2=3.154257ppm, MI=9.90cm, MAXI=17.02cm, PC=1.000
      </PeakPickDetails>
    </PeakList1DHeader>
  </PeakList1D>
  <PeakList1D>
    <PeakList1DHeader creator="nmr" date="2020-03-09T11:39:12" expNo="1" name="3.8.20GroupAPyr353" owner="" procNo="1" source="/nfs/bruker400/data/UG-labs/nmr">
      <PeakPickDetails>F1=3.154257ppm, F2=1.563233ppm, MI=5.79cm, MAXI=32.78cm, PC=1.000
      </PeakPickDetails>
    </PeakList1DHeader>
    <Peak1D F1="2.81637" intensity="10.65675" type="0"/>
    <Peak1D F1="1.997386" intensity="15.0" type="0"/>
  </PeakList1D>
  <PeakList1D>
    <PeakList1DHeader creator="nmr" date="2020-03-09T11:39:12" expNo="1" name="3.8.20GroupAPyr353" owner="" procNo="1" source="/nfs/bruker400/data/UG-labs/nmr">
      <PeakPickDetails>F1=1.563233ppm, F2=0.349886ppm, MI=9.90cm, MAXI=17.02cm, PC=1.000
      </PeakPickDetails>
    </PeakList1DHeader>
  </PeakList1D>
</PeakList>
