<?xml version="1.0" encoding="UTF-8"?>
<PeakList modified="2020-03-09T10:57:04">
  <PeakList1D>
    <PeakList1DHeader creator="nmr" date="2020-03-09T10:57:04" expNo="1" name="3.8.20GroupAPyr293" owner="" procNo="1" source="/nfs/bruker400/data/UG-labs/nmr">
      <PeakPickDetails>F1=2.836064ppm, F2=1.859946ppm, MI=8.73cm, MAXI=15.43cm, PC=1.000
      </PeakPickDetails>
    </PeakList1DHeader>
    <Peak1D F1="2.801054" intensity="12.52304" type="0"/>
    <Peak1D F1="2.658693" intensity="15.0" type="0"/>
    <Peak1D F1="1.94607" intensity="13.01572" type="0"/>
  </PeakList1D>
</PeakList>
