<?xml version="1.0" encoding="UTF-8"?>
<PeakList>
  <PeakList1D>
    <PeakList1DHeader creator="nmr" date="2020-03-09T11:59:12.219-04:00" expNo="10" name="03082020_DMSO NNDMA" owner="" procNo="1" source="/nfs/bruker600/data/UG_labs/nmr">
      <PeakPickDetails>F1=2.928257ppm, F2=2.806423ppm, MI=50.00cm, MAXI=10000.00cm, PC=4.000
      </PeakPickDetails>
    </PeakList1DHeader>
    <Peak1D F1="2.926135" intensity="1.000000e+02" type="0"/>
    <Peak1D F1="2.807384" intensity="9.438602e+01" type="0"/>
  </PeakList1D>
</PeakList>
