<?xml version="1.0" encoding="UTF-8"?>
<PeakList>
  <PeakList1D>
    <PeakList1DHeader creator="nmr" date="2020-03-09T12:11:33.236-04:00" expNo="1" name="3.8.20GroupAPyr383" owner="" procNo="1" source="/opt/topspin3.0/data/UG-labs/nmr">
      <PeakPickDetails>F1=16.186930ppm, F2=-3.836111ppm, MI=0.00cm, MAXI=10000.00cm, PC=1.000
      </PeakPickDetails>
    </PeakList1DHeader>
    <Peak1D F1="8.917249" intensity="2.725652e-03" type="0"/>
    <Peak1D F1="8.698680" intensity="3.739627e-01" type="0"/>
    <Peak1D F1="8.473786" intensity="2.196931e-03" type="0"/>
    <Peak1D F1="7.797185" intensity="1.783211e-03" type="0"/>
    <Peak1D F1="7.599902" intensity="2.830134e-01" type="0"/>
    <Peak1D F1="7.423185" intensity="4.229673e-03" type="0"/>
    <Peak1D F1="7.397959" intensity="2.262548e-03" type="0"/>
    <Peak1D F1="7.220773" intensity="6.012298e-01" type="0"/>
    <Peak1D F1="7.017512" intensity="3.206560e-03" type="0"/>
    <Peak1D F1="4.864531" intensity="1.114104e-03" type="0"/>
    <Peak1D F1="4.852349" intensity="1.238025e-03" type="0"/>
    <Peak1D F1="4.798833" intensity="1.171229e-03" type="0"/>
    <Peak1D F1="4.764244" intensity="1.237042e-03" type="0"/>
    <Peak1D F1="4.693328" intensity="1.150394e-03" type="0"/>
    <Peak1D F1="4.684185" intensity="1.134861e-03" type="0"/>
    <Peak1D F1="4.662688" intensity="1.141823e-03" type="0"/>
    <Peak1D F1="4.653056" intensity="1.159957e-03" type="0"/>
    <Peak1D F1="4.627056" intensity="1.408483e-03" type="0"/>
    <Peak1D F1="4.567964" intensity="1.558858e-03" type="0"/>
    <Peak1D F1="4.546083" intensity="1.824365e-03" type="0"/>
    <Peak1D F1="4.540069" intensity="1.288803e-03" type="0"/>
    <Peak1D F1="4.523667" intensity="1.548823e-03" type="0"/>
    <Peak1D F1="4.507184" intensity="1.339018e-03" type="0"/>
    <Peak1D F1="4.496368" intensity="1.406412e-03" type="0"/>
    <Peak1D F1="4.460897" intensity="1.844914e-03" type="0"/>
    <Peak1D F1="4.441562" intensity="1.513467e-03" type="0"/>
    <Peak1D F1="4.413177" intensity="1.300484e-03" type="0"/>
    <Peak1D F1="4.384719" intensity="1.199167e-03" type="0"/>
    <Peak1D F1="4.350286" intensity="1.458591e-03" type="0"/>
    <Peak1D F1="4.326022" intensity="1.278180e-03" type="0"/>
    <Peak1D F1="4.295722" intensity="1.565348e-03" type="0"/>
    <Peak1D F1="4.268792" intensity="1.517020e-03" type="0"/>
    <Peak1D F1="4.252235" intensity="1.506783e-03" type="0"/>
    <Peak1D F1="4.216113" intensity="1.503027e-03" type="0"/>
    <Peak1D F1="4.200126" intensity="1.670096e-03" type="0"/>
    <Peak1D F1="4.177821" intensity="1.776745e-03" type="0"/>
    <Peak1D F1="4.151607" intensity="2.078472e-03" type="0"/>
    <Peak1D F1="4.137265" intensity="1.740194e-03" type="0"/>
    <Peak1D F1="4.113914" intensity="1.652317e-03" type="0"/>
    <Peak1D F1="4.045302" intensity="2.014880e-03" type="0"/>
    <Peak1D F1="4.018761" intensity="1.740402e-03" type="0"/>
    <Peak1D F1="4.000102" intensity="1.772861e-03" type="0"/>
    <Peak1D F1="3.976671" intensity="1.796258e-03" type="0"/>
    <Peak1D F1="3.955381" intensity="1.962247e-03" type="0"/>
    <Peak1D F1="3.904200" intensity="2.033478e-03" type="0"/>
    <Peak1D F1="3.852012" intensity="2.555954e-03" type="0"/>
    <Peak1D F1="3.837997" intensity="2.273565e-03" type="0"/>
    <Peak1D F1="3.755948" intensity="2.529868e-03" type="0"/>
    <Peak1D F1="3.736288" intensity="2.792572e-03" type="0"/>
    <Peak1D F1="3.705864" intensity="3.907648e-03" type="0"/>
    <Peak1D F1="3.639971" intensity="3.826531e-03" type="0"/>
    <Peak1D F1="3.501504" intensity="3.582617e-02" type="0"/>
    <Peak1D F1="3.405185" intensity="6.838062e-03" type="0"/>
    <Peak1D F1="3.380910" intensity="6.881733e-03" type="0"/>
    <Peak1D F1="3.370786" intensity="6.293073e-03" type="0"/>
    <Peak1D F1="3.350039" intensity="5.691628e-03" type="0"/>
    <Peak1D F1="3.324420" intensity="4.884499e-03" type="0"/>
    <Peak1D F1="3.287771" intensity="7.305428e-03" type="0"/>
    <Peak1D F1="3.257742" intensity="7.341330e-03" type="0"/>
    <Peak1D F1="3.241523" intensity="7.182838e-03" type="0"/>
    <Peak1D F1="3.214801" intensity="5.751005e-03" type="0"/>
    <Peak1D F1="3.187716" intensity="6.039122e-03" type="0"/>
    <Peak1D F1="3.176386" intensity="6.100991e-03" type="0"/>
    <Peak1D F1="3.132580" intensity="1.392011e-02" type="0"/>
    <Peak1D F1="3.087101" intensity="1.189587e-02" type="0"/>
    <Peak1D F1="3.068331" intensity="1.630761e-02" type="0"/>
    <Peak1D F1="3.034973" intensity="1.003632e-01" type="0"/>
    <Peak1D F1="2.987080" intensity="3.790461e-02" type="0"/>
    <Peak1D F1="2.964934" intensity="4.217888e-02" type="0"/>
    <Peak1D F1="2.866191" intensity="1.500000e+01" type="0"/>
    <Peak1D F1="2.756929" intensity="9.153365e-03" type="0"/>
    <Peak1D F1="2.723215" intensity="8.257118e-03" type="0"/>
    <Peak1D F1="2.692416" intensity="7.608495e-02" type="0"/>
    <Peak1D F1="2.651271" intensity="6.218705e-03" type="0"/>
    <Peak1D F1="2.620863" intensity="2.983345e-03" type="0"/>
    <Peak1D F1="2.569067" intensity="1.840781e-03" type="0"/>
    <Peak1D F1="2.526309" intensity="2.224808e-03" type="0"/>
    <Peak1D F1="2.501315" intensity="3.963225e-03" type="0"/>
    <Peak1D F1="2.424222" intensity="3.139479e-03" type="0"/>
    <Peak1D F1="2.402202" intensity="2.941250e-03" type="0"/>
    <Peak1D F1="2.360183" intensity="1.384162e-03" type="0"/>
    <Peak1D F1="2.335119" intensity="3.561795e-03" type="0"/>
    <Peak1D F1="2.314762" intensity="2.750468e-03" type="0"/>
    <Peak1D F1="2.278324" intensity="6.365803e-03" type="0"/>
    <Peak1D F1="2.263080" intensity="4.316461e-03" type="0"/>
    <Peak1D F1="2.249157" intensity="3.566369e-03" type="0"/>
    <Peak1D F1="2.215043" intensity="5.311986e-03" type="0"/>
    <Peak1D F1="2.169278" intensity="5.775498e-02" type="0"/>
    <Peak1D F1="2.146366" intensity="9.310902e-03" type="0"/>
    <Peak1D F1="2.132184" intensity="1.681451e-02" type="0"/>
    <Peak1D F1="2.109846" intensity="1.741183e-02" type="0"/>
    <Peak1D F1="2.076831" intensity="2.258489e-02" type="0"/>
    <Peak1D F1="2.011683" intensity="9.749522e+00" type="0"/>
    <Peak1D F1="1.867612" intensity="2.405775e-03" type="0"/>
    <Peak1D F1="1.850792" intensity="4.831254e-02" type="0"/>
    <Peak1D F1="1.823743" intensity="1.850681e-03" type="0"/>
    <Peak1D F1="1.799020" intensity="1.611845e-03" type="0"/>
    <Peak1D F1="1.648897" intensity="1.135533e-03" type="0"/>
    <Peak1D F1="1.440723" intensity="1.820376e-03" type="0"/>
    <Peak1D F1="1.420664" intensity="1.711849e-03" type="0"/>
    <Peak1D F1="1.410011" intensity="1.965060e-03" type="0"/>
    <Peak1D F1="1.184652" intensity="1.216813e-03" type="0"/>
    <Peak1D F1="-2.168132" intensity="1.097504e-03" type="0"/>
  </PeakList1D>
</PeakList>
