<?xml version="1.0" encoding="UTF-8"?>
<PeakList>
  <PeakList1D>
    <PeakList1DHeader creator="nmr" date="2020-03-09T11:32:44.232-04:00" expNo="13" name="03082020_DMSO NNDMA" owner="" procNo="1" source="/opt/topspin3.0/data/UG_labs/nmr">
      <PeakPickDetails>F1=16.156580ppm, F2=-3.871131ppm, MI=0.00cm, MAXI=10000.00cm, PC=1.000
      </PeakPickDetails>
    </PeakList1DHeader>
    <Peak1D F1="14.866303" intensity="6.923006e-04" type="0"/>
    <Peak1D F1="14.371863" intensity="7.035265e-04" type="0"/>
    <Peak1D F1="11.004296" intensity="6.276892e-04" type="0"/>
    <Peak1D F1="9.629744" intensity="5.997755e-04" type="0"/>
    <Peak1D F1="9.551495" intensity="6.404180e-04" type="0"/>
    <Peak1D F1="9.306101" intensity="6.107546e-04" type="0"/>
    <Peak1D F1="9.155814" intensity="7.850388e-04" type="0"/>
    <Peak1D F1="8.381403" intensity="6.693710e-04" type="0"/>
    <Peak1D F1="7.041081" intensity="6.097927e-04" type="0"/>
    <Peak1D F1="3.439062" intensity="9.023289e-04" type="0"/>
    <Peak1D F1="3.430706" intensity="9.532162e-04" type="0"/>
    <Peak1D F1="3.404735" intensity="8.074282e-04" type="0"/>
    <Peak1D F1="3.373807" intensity="9.661663e-04" type="0"/>
    <Peak1D F1="3.335104" intensity="1.101040e-03" type="0"/>
    <Peak1D F1="3.327824" intensity="1.145763e-03" type="0"/>
    <Peak1D F1="3.322639" intensity="1.226419e-03" type="0"/>
    <Peak1D F1="3.300221" intensity="1.629313e-03" type="0"/>
    <Peak1D F1="3.289245" intensity="1.746838e-03" type="0"/>
    <Peak1D F1="3.269360" intensity="1.855489e-03" type="0"/>
    <Peak1D F1="3.259786" intensity="1.877852e-03" type="0"/>
    <Peak1D F1="3.208519" intensity="2.749903e-03" type="0"/>
    <Peak1D F1="3.195775" intensity="2.892539e-03" type="0"/>
    <Peak1D F1="3.081121" intensity="8.793621e-03" type="0"/>
    <Peak1D F1="3.031693" intensity="1.725306e-02" type="0"/>
    <Peak1D F1="3.002528" intensity="2.530143e-02" type="0"/>
    <Peak1D F1="2.965586" intensity="5.871784e-02" type="0"/>
    <Peak1D F1="2.933390" intensity="1.131265e-01" type="0"/>
    <Peak1D F1="2.931722" intensity="1.167099e-01" type="0"/>
    <Peak1D F1="2.929021" intensity="1.251542e-01" type="0"/>
    <Peak1D F1="2.867750" intensity="3.504419e+00" type="0"/>
    <Peak1D F1="2.824680" intensity="2.600139e-01" type="0"/>
    <Peak1D F1="2.814218" intensity="1.473205e-01" type="0"/>
    <Peak1D F1="2.798436" intensity="8.231316e+00" type="0"/>
    <Peak1D F1="2.795997" intensity="7.064195e+00" type="0"/>
    <Peak1D F1="2.767598" intensity="2.812867e-01" type="0"/>
    <Peak1D F1="2.756384" intensity="7.754477e-02" type="0"/>
    <Peak1D F1="2.748689" intensity="7.485768e-02" type="0"/>
    <Peak1D F1="2.745814" intensity="8.108035e-02" type="0"/>
    <Peak1D F1="2.734919" intensity="4.869324e-02" type="0"/>
    <Peak1D F1="2.713598" intensity="2.964936e-02" type="0"/>
    <Peak1D F1="2.694592" intensity="2.469036e-02" type="0"/>
    <Peak1D F1="2.684111" intensity="2.031345e-02" type="0"/>
    <Peak1D F1="2.665771" intensity="1.891532e-02" type="0"/>
    <Peak1D F1="2.652054" intensity="1.411899e-02" type="0"/>
    <Peak1D F1="2.615968" intensity="9.366162e-03" type="0"/>
    <Peak1D F1="2.599547" intensity="9.056680e-03" type="0"/>
    <Peak1D F1="2.592152" intensity="8.243893e-03" type="0"/>
    <Peak1D F1="2.589098" intensity="1.027242e-02" type="0"/>
    <Peak1D F1="2.585846" intensity="1.249121e-02" type="0"/>
    <Peak1D F1="2.582736" intensity="1.017030e-02" type="0"/>
    <Peak1D F1="2.579500" intensity="8.427291e-03" type="0"/>
    <Peak1D F1="2.570165" intensity="7.531975e-03" type="0"/>
    <Peak1D F1="2.557577" intensity="5.306481e-03" type="0"/>
    <Peak1D F1="2.551425" intensity="5.637364e-03" type="0"/>
    <Peak1D F1="2.536079" intensity="6.630918e-03" type="0"/>
    <Peak1D F1="2.521443" intensity="6.934136e-03" type="0"/>
    <Peak1D F1="2.515039" intensity="8.241988e-03" type="0"/>
    <Peak1D F1="2.511795" intensity="3.945967e-03" type="0"/>
    <Peak1D F1="2.494043" intensity="3.513751e-03" type="0"/>
    <Peak1D F1="2.491444" intensity="3.310973e-03" type="0"/>
    <Peak1D F1="2.488401" intensity="4.326169e-03" type="0"/>
    <Peak1D F1="2.479988" intensity="3.847406e-01" type="0"/>
    <Peak1D F1="2.476878" intensity="7.941758e-01" type="0"/>
    <Peak1D F1="2.473750" intensity="1.152394e+00" type="0"/>
    <Peak1D F1="2.470612" intensity="8.473426e-01" type="0"/>
    <Peak1D F1="2.467501" intensity="4.584243e-01" type="0"/>
    <Peak1D F1="2.449251" intensity="1.336613e-02" type="0"/>
    <Peak1D F1="2.446409" intensity="1.686230e-02" type="0"/>
    <Peak1D F1="2.443563" intensity="2.280358e-02" type="0"/>
    <Peak1D F1="2.440573" intensity="2.497009e-02" type="0"/>
    <Peak1D F1="2.437447" intensity="1.684144e-02" type="0"/>
    <Peak1D F1="2.434461" intensity="7.949631e-03" type="0"/>
    <Peak1D F1="2.428263" intensity="2.435532e-03" type="0"/>
    <Peak1D F1="2.420671" intensity="3.511230e-03" type="0"/>
    <Peak1D F1="2.403591" intensity="3.745174e-03" type="0"/>
    <Peak1D F1="2.385497" intensity="2.675873e-03" type="0"/>
    <Peak1D F1="2.360920" intensity="6.711856e-03" type="0"/>
    <Peak1D F1="2.357779" intensity="8.588786e-03" type="0"/>
    <Peak1D F1="2.354574" intensity="6.792645e-03" type="0"/>
    <Peak1D F1="2.343714" intensity="8.077550e-03" type="0"/>
    <Peak1D F1="2.278111" intensity="2.507547e-03" type="0"/>
    <Peak1D F1="2.265609" intensity="2.527551e-03" type="0"/>
    <Peak1D F1="2.253332" intensity="2.504835e-03" type="0"/>
    <Peak1D F1="2.239433" intensity="2.434485e-03" type="0"/>
    <Peak1D F1="2.232409" intensity="2.346726e-03" type="0"/>
    <Peak1D F1="2.220144" intensity="2.026661e-03" type="0"/>
    <Peak1D F1="2.207759" intensity="2.512869e-03" type="0"/>
    <Peak1D F1="2.173219" intensity="4.054106e-03" type="0"/>
    <Peak1D F1="2.163987" intensity="1.502910e-03" type="0"/>
    <Peak1D F1="2.143224" intensity="2.527346e-03" type="0"/>
    <Peak1D F1="2.123997" intensity="1.922249e-03" type="0"/>
    <Peak1D F1="2.113033" intensity="1.888433e-03" type="0"/>
    <Peak1D F1="2.100438" intensity="2.107908e-03" type="0"/>
    <Peak1D F1="2.079746" intensity="5.034727e-03" type="0"/>
    <Peak1D F1="2.043761" intensity="9.789825e-02" type="0"/>
    <Peak1D F1="2.037303" intensity="1.681422e-02" type="0"/>
    <Peak1D F1="2.016336" intensity="7.103971e-03" type="0"/>
    <Peak1D F1="2.010998" intensity="8.676569e-03" type="0"/>
    <Peak1D F1="2.003466" intensity="1.498016e-02" type="0"/>
    <Peak1D F1="1.996110" intensity="2.700221e-02" type="0"/>
    <Peak1D F1="1.986812" intensity="4.969200e-02" type="0"/>
    <Peak1D F1="1.976459" intensity="5.075459e-02" type="0"/>
    <Peak1D F1="1.965094" intensity="4.227704e-02" type="0"/>
    <Peak1D F1="1.939140" intensity="1.500000e+01" type="0"/>
    <Peak1D F1="1.922047" intensity="1.473005e-01" type="0"/>
    <Peak1D F1="1.906363" intensity="2.999831e-01" type="0"/>
    <Peak1D F1="1.887186" intensity="2.664578e-02" type="0"/>
    <Peak1D F1="1.872393" intensity="5.681367e-03" type="0"/>
    <Peak1D F1="1.868838" intensity="6.446432e-03" type="0"/>
    <Peak1D F1="1.850921" intensity="2.013959e-03" type="0"/>
    <Peak1D F1="1.831086" intensity="1.050380e-01" type="0"/>
    <Peak1D F1="1.805929" intensity="5.738333e-03" type="0"/>
    <Peak1D F1="1.798516" intensity="2.626052e-03" type="0"/>
    <Peak1D F1="1.775671" intensity="2.738233e-03" type="0"/>
    <Peak1D F1="1.740339" intensity="3.399405e-03" type="0"/>
    <Peak1D F1="1.707745" intensity="1.348784e-03" type="0"/>
    <Peak1D F1="1.264649" intensity="1.061000e-03" type="0"/>
    <Peak1D F1="1.056252" intensity="6.012718e-04" type="0"/>
    <Peak1D F1="1.019177" intensity="7.610651e-04" type="0"/>
    <Peak1D F1="1.006416" intensity="1.530368e-03" type="0"/>
    <Peak1D F1="0.993649" intensity="8.908647e-04" type="0"/>
    <Peak1D F1="0.097450" intensity="6.062599e-04" type="0"/>
    <Peak1D F1="-0.000157" intensity="9.358986e-02" type="0"/>
    <Peak1D F1="-0.033524" intensity="1.391857e-03" type="0"/>
    <Peak1D F1="-0.808347" intensity="6.167984e-04" type="0"/>
    <Peak1D F1="-1.780968" intensity="6.022541e-04" type="0"/>
  </PeakList1D>
</PeakList>
