<?xml version="1.0" encoding="UTF-8"?>
<PeakList modified="2020-03-09T10:40:47">
  <PeakList1D>
    <PeakList1DHeader creator="nmr" date="2020-03-09T10:40:47" expNo="3" name="03082020_DMSO NNDMA" owner="" procNo="1" source="/nfs/bruker600/data/UG_labs/nmr">
      <PeakPickDetails>F1=3.155206ppm, F2=2.848742ppm, MI=14.97cm, MAXI=149.45cm, PC=1.000
      </PeakPickDetails>
    </PeakList1DHeader>
    <Peak1D F1="2.945127" intensity="15.0" type="0"/>
  </PeakList1D>
  <PeakList1D>
    <PeakList1DHeader creator="nmr" date="2020-03-09T10:40:47" expNo="3" name="03082020_DMSO NNDMA" owner="" procNo="1" source="/nfs/bruker600/data/UG_labs/nmr">
      <PeakPickDetails>F1=2.848742ppm, F2=2.469076ppm, MI=12.23cm, MAXI=123.75cm, PC=1.000
      </PeakPickDetails>
    </PeakList1DHeader>
    <Peak1D F1="2.784901" intensity="12.92596" type="0"/>
  </PeakList1D>
  <PeakList1D>
    <PeakList1DHeader creator="nmr" date="2020-03-09T10:40:47" expNo="3" name="03082020_DMSO NNDMA" owner="" procNo="1" source="/nfs/bruker600/data/UG_labs/nmr">
      <PeakPickDetails>F1=2.469076ppm, F2=2.423168ppm, MI=14.97cm, MAXI=149.45cm, PC=1.000
      </PeakPickDetails>
    </PeakList1DHeader>
  </PeakList1D>
</PeakList>
