<?xml version="1.0" encoding="UTF-8"?>
<PeakList>
  <PeakList1D>
    <PeakList1DHeader creator="nmr" date="2020-03-09T11:44:46.620-04:00" expNo="1" name="3.8.20GroupAPyr343" owner="" procNo="1" source="/nfs/bruker400/data/UG-labs/nmr">
      <PeakPickDetails>F1=2.942226ppm, F2=2.512820ppm, MI=50.00cm, MAXI=10000.00cm, PC=4.000
      </PeakPickDetails>
    </PeakList1DHeader>
    <Peak1D F1="2.837330" intensity="7.962324e+01" type="0"/>
    <Peak1D F1="2.775668" intensity="1.000000e+02" type="0"/>
  </PeakList1D>
</PeakList>
