<?xml version="1.0" encoding="UTF-8"?>
<PeakList>
  <PeakList1D>
    <PeakList1DHeader creator="nmr" date="2020-03-09T11:54:24.350-04:00" expNo="14" name="03082020_DMSO NNDMA" owner="" procNo="1" source="/opt/topspin3.0/data/UG_labs/nmr">
      <PeakPickDetails>F1=16.155149ppm, F2=-3.872562ppm, MI=0.00cm, MAXI=10000.00cm, PC=1.000
      </PeakPickDetails>
    </PeakList1DHeader>
    <Peak1D F1="14.429347" intensity="9.369637e-04" type="0"/>
    <Peak1D F1="14.385827" intensity="8.403405e-04" type="0"/>
    <Peak1D F1="13.614538" intensity="8.608048e-04" type="0"/>
    <Peak1D F1="13.473018" intensity="8.903896e-04" type="0"/>
    <Peak1D F1="13.073914" intensity="9.957896e-04" type="0"/>
    <Peak1D F1="12.209157" intensity="8.304272e-04" type="0"/>
    <Peak1D F1="12.097010" intensity="8.208094e-04" type="0"/>
    <Peak1D F1="11.150713" intensity="8.420347e-04" type="0"/>
    <Peak1D F1="10.589971" intensity="8.759599e-04" type="0"/>
    <Peak1D F1="5.278995" intensity="8.459432e-04" type="0"/>
    <Peak1D F1="5.019656" intensity="8.240712e-04" type="0"/>
    <Peak1D F1="4.863686" intensity="9.987369e-04" type="0"/>
    <Peak1D F1="4.770580" intensity="9.304289e-04" type="0"/>
    <Peak1D F1="4.735937" intensity="8.074742e-04" type="0"/>
    <Peak1D F1="4.699094" intensity="1.053700e-03" type="0"/>
    <Peak1D F1="4.638181" intensity="8.357053e-04" type="0"/>
    <Peak1D F1="4.625917" intensity="9.517823e-04" type="0"/>
    <Peak1D F1="4.532258" intensity="8.745786e-04" type="0"/>
    <Peak1D F1="4.515668" intensity="1.010059e-03" type="0"/>
    <Peak1D F1="4.480856" intensity="9.416442e-04" type="0"/>
    <Peak1D F1="4.445757" intensity="8.468572e-04" type="0"/>
    <Peak1D F1="4.424901" intensity="9.339440e-04" type="0"/>
    <Peak1D F1="4.407991" intensity="8.476767e-04" type="0"/>
    <Peak1D F1="4.366580" intensity="9.676583e-04" type="0"/>
    <Peak1D F1="4.351437" intensity="1.181037e-03" type="0"/>
    <Peak1D F1="4.324828" intensity="1.004238e-03" type="0"/>
    <Peak1D F1="4.312541" intensity="8.730271e-04" type="0"/>
    <Peak1D F1="4.273061" intensity="1.036883e-03" type="0"/>
    <Peak1D F1="4.265928" intensity="9.658970e-04" type="0"/>
    <Peak1D F1="4.203888" intensity="1.178773e-03" type="0"/>
    <Peak1D F1="4.186150" intensity="1.042337e-03" type="0"/>
    <Peak1D F1="4.118122" intensity="1.095011e-03" type="0"/>
    <Peak1D F1="4.104727" intensity="1.187038e-03" type="0"/>
    <Peak1D F1="4.099643" intensity="1.224376e-03" type="0"/>
    <Peak1D F1="4.068325" intensity="1.314717e-03" type="0"/>
    <Peak1D F1="4.037022" intensity="1.314746e-03" type="0"/>
    <Peak1D F1="4.026133" intensity="1.546935e-03" type="0"/>
    <Peak1D F1="4.013820" intensity="1.420433e-03" type="0"/>
    <Peak1D F1="3.988791" intensity="1.546032e-03" type="0"/>
    <Peak1D F1="3.963879" intensity="1.578463e-03" type="0"/>
    <Peak1D F1="3.929815" intensity="1.501179e-03" type="0"/>
    <Peak1D F1="3.921448" intensity="1.522879e-03" type="0"/>
    <Peak1D F1="3.894517" intensity="1.483659e-03" type="0"/>
    <Peak1D F1="3.869278" intensity="1.838294e-03" type="0"/>
    <Peak1D F1="3.847632" intensity="1.760722e-03" type="0"/>
    <Peak1D F1="3.833357" intensity="1.749120e-03" type="0"/>
    <Peak1D F1="3.816814" intensity="1.860545e-03" type="0"/>
    <Peak1D F1="3.784746" intensity="2.107879e-03" type="0"/>
    <Peak1D F1="3.755319" intensity="2.169805e-03" type="0"/>
    <Peak1D F1="3.732607" intensity="2.275293e-03" type="0"/>
    <Peak1D F1="3.717005" intensity="2.154902e-03" type="0"/>
    <Peak1D F1="3.708571" intensity="2.334043e-03" type="0"/>
    <Peak1D F1="3.697666" intensity="2.229576e-03" type="0"/>
    <Peak1D F1="3.685889" intensity="2.278746e-03" type="0"/>
    <Peak1D F1="3.670017" intensity="2.233662e-03" type="0"/>
    <Peak1D F1="3.668223" intensity="2.266314e-03" type="0"/>
    <Peak1D F1="3.663612" intensity="2.463176e-03" type="0"/>
    <Peak1D F1="3.659033" intensity="2.365188e-03" type="0"/>
    <Peak1D F1="3.644337" intensity="2.645796e-03" type="0"/>
    <Peak1D F1="3.629067" intensity="2.694416e-03" type="0"/>
    <Peak1D F1="3.617571" intensity="2.631908e-03" type="0"/>
    <Peak1D F1="3.606466" intensity="2.760703e-03" type="0"/>
    <Peak1D F1="3.579576" intensity="2.887752e-03" type="0"/>
    <Peak1D F1="3.566467" intensity="3.003827e-03" type="0"/>
    <Peak1D F1="3.543975" intensity="3.369909e-03" type="0"/>
    <Peak1D F1="3.535008" intensity="3.291537e-03" type="0"/>
    <Peak1D F1="3.521120" intensity="3.454711e-03" type="0"/>
    <Peak1D F1="3.513125" intensity="3.490925e-03" type="0"/>
    <Peak1D F1="3.496821" intensity="3.808053e-03" type="0"/>
    <Peak1D F1="3.478500" intensity="4.178183e-03" type="0"/>
    <Peak1D F1="3.468065" intensity="3.955824e-03" type="0"/>
    <Peak1D F1="3.458369" intensity="3.994398e-03" type="0"/>
    <Peak1D F1="3.444182" intensity="4.005543e-03" type="0"/>
    <Peak1D F1="3.425957" intensity="4.458357e-03" type="0"/>
    <Peak1D F1="3.414366" intensity="4.443021e-03" type="0"/>
    <Peak1D F1="3.406069" intensity="4.379635e-03" type="0"/>
    <Peak1D F1="3.399276" intensity="4.715668e-03" type="0"/>
    <Peak1D F1="3.388248" intensity="4.706526e-03" type="0"/>
    <Peak1D F1="3.371233" intensity="5.168760e-03" type="0"/>
    <Peak1D F1="3.365335" intensity="5.571521e-03" type="0"/>
    <Peak1D F1="3.362201" intensity="5.586838e-03" type="0"/>
    <Peak1D F1="3.344072" intensity="5.398228e-03" type="0"/>
    <Peak1D F1="3.316135" intensity="6.131622e-03" type="0"/>
    <Peak1D F1="3.301790" intensity="6.153583e-03" type="0"/>
    <Peak1D F1="3.249056" intensity="7.469166e-03" type="0"/>
    <Peak1D F1="3.241452" intensity="7.814667e-03" type="0"/>
    <Peak1D F1="2.981709" intensity="9.446611e-02" type="0"/>
    <Peak1D F1="2.869381" intensity="7.389447e+00" type="0"/>
    <Peak1D F1="2.806997" intensity="7.423214e-02" type="0"/>
    <Peak1D F1="2.796234" intensity="5.581637e-02" type="0"/>
    <Peak1D F1="2.786139" intensity="5.258092e-02" type="0"/>
    <Peak1D F1="2.742665" intensity="1.500000e+01" type="0"/>
    <Peak1D F1="2.719474" intensity="1.567320e-01" type="0"/>
    <Peak1D F1="2.710560" intensity="1.130216e-01" type="0"/>
    <Peak1D F1="2.707656" intensity="1.576631e-01" type="0"/>
    <Peak1D F1="2.673193" intensity="9.250707e-03" type="0"/>
    <Peak1D F1="2.643270" intensity="2.478458e-03" type="0"/>
    <Peak1D F1="2.471201" intensity="1.101128e+00" type="0"/>
    <Peak1D F1="2.042886" intensity="4.718862e-02" type="0"/>
    <Peak1D F1="1.938124" intensity="1.388704e+01" type="0"/>
    <Peak1D F1="1.903403" intensity="2.829988e-01" type="0"/>
    <Peak1D F1="1.868838" intensity="8.575236e-02" type="0"/>
    <Peak1D F1="1.839072" intensity="6.011207e-02" type="0"/>
    <Peak1D F1="1.830060" intensity="1.278548e-01" type="0"/>
    <Peak1D F1="1.795291" intensity="3.232760e-02" type="0"/>
    <Peak1D F1="1.780331" intensity="2.720374e-02" type="0"/>
    <Peak1D F1="1.769330" intensity="2.802564e-02" type="0"/>
    <Peak1D F1="1.731632" intensity="1.998571e-02" type="0"/>
    <Peak1D F1="1.712307" intensity="1.880146e-02" type="0"/>
    <Peak1D F1="1.699049" intensity="1.719590e-02" type="0"/>
    <Peak1D F1="1.672781" intensity="1.619622e-02" type="0"/>
    <Peak1D F1="1.638684" intensity="1.322643e-02" type="0"/>
    <Peak1D F1="1.603295" intensity="1.134100e-02" type="0"/>
    <Peak1D F1="1.564965" intensity="1.025054e-02" type="0"/>
    <Peak1D F1="1.534847" intensity="9.318078e-03" type="0"/>
    <Peak1D F1="1.519753" intensity="8.808487e-03" type="0"/>
    <Peak1D F1="1.461194" intensity="7.570601e-03" type="0"/>
    <Peak1D F1="1.424744" intensity="6.913942e-03" type="0"/>
    <Peak1D F1="1.415428" intensity="6.807418e-03" type="0"/>
    <Peak1D F1="1.399441" intensity="6.225159e-03" type="0"/>
    <Peak1D F1="1.385054" intensity="6.220555e-03" type="0"/>
    <Peak1D F1="1.374482" intensity="6.236051e-03" type="0"/>
    <Peak1D F1="1.352043" intensity="5.783506e-03" type="0"/>
    <Peak1D F1="1.341099" intensity="5.547502e-03" type="0"/>
    <Peak1D F1="1.313947" intensity="5.269503e-03" type="0"/>
    <Peak1D F1="1.299239" intensity="5.257712e-03" type="0"/>
    <Peak1D F1="1.265622" intensity="5.408509e-03" type="0"/>
    <Peak1D F1="1.231200" intensity="4.465942e-03" type="0"/>
    <Peak1D F1="1.228717" intensity="4.449532e-03" type="0"/>
    <Peak1D F1="1.197085" intensity="4.298114e-03" type="0"/>
    <Peak1D F1="1.176646" intensity="4.245912e-03" type="0"/>
    <Peak1D F1="1.165794" intensity="3.992868e-03" type="0"/>
    <Peak1D F1="1.151088" intensity="3.966638e-03" type="0"/>
    <Peak1D F1="1.142063" intensity="3.871826e-03" type="0"/>
    <Peak1D F1="1.128274" intensity="4.067541e-03" type="0"/>
    <Peak1D F1="1.121082" intensity="4.199414e-03" type="0"/>
    <Peak1D F1="1.115306" intensity="3.644099e-03" type="0"/>
    <Peak1D F1="1.067563" intensity="3.699533e-03" type="0"/>
    <Peak1D F1="1.054760" intensity="3.603700e-03" type="0"/>
    <Peak1D F1="1.028167" intensity="3.102525e-03" type="0"/>
    <Peak1D F1="1.020865" intensity="3.290963e-03" type="0"/>
    <Peak1D F1="1.008555" intensity="3.905752e-03" type="0"/>
    <Peak1D F1="0.998061" intensity="3.343233e-03" type="0"/>
    <Peak1D F1="0.982729" intensity="3.043357e-03" type="0"/>
    <Peak1D F1="0.969462" intensity="2.749041e-03" type="0"/>
    <Peak1D F1="0.929122" intensity="2.982733e-03" type="0"/>
    <Peak1D F1="0.915030" intensity="2.745520e-03" type="0"/>
    <Peak1D F1="0.886998" intensity="2.739705e-03" type="0"/>
    <Peak1D F1="0.870531" intensity="2.735419e-03" type="0"/>
    <Peak1D F1="0.864354" intensity="2.649645e-03" type="0"/>
    <Peak1D F1="0.831456" intensity="2.370838e-03" type="0"/>
    <Peak1D F1="0.803837" intensity="2.339780e-03" type="0"/>
    <Peak1D F1="0.789472" intensity="2.140324e-03" type="0"/>
    <Peak1D F1="0.775465" intensity="2.228327e-03" type="0"/>
    <Peak1D F1="0.752553" intensity="2.304885e-03" type="0"/>
    <Peak1D F1="0.732032" intensity="2.105314e-03" type="0"/>
    <Peak1D F1="0.707303" intensity="2.065187e-03" type="0"/>
    <Peak1D F1="0.691240" intensity="1.870997e-03" type="0"/>
    <Peak1D F1="0.639093" intensity="1.884330e-03" type="0"/>
    <Peak1D F1="0.624129" intensity="1.913968e-03" type="0"/>
    <Peak1D F1="0.611587" intensity="1.593601e-03" type="0"/>
    <Peak1D F1="0.598443" intensity="1.881275e-03" type="0"/>
    <Peak1D F1="0.578982" intensity="1.588597e-03" type="0"/>
    <Peak1D F1="0.565195" intensity="1.654320e-03" type="0"/>
    <Peak1D F1="0.545346" intensity="1.644463e-03" type="0"/>
    <Peak1D F1="0.534742" intensity="1.647683e-03" type="0"/>
    <Peak1D F1="0.506813" intensity="1.770774e-03" type="0"/>
    <Peak1D F1="0.441859" intensity="1.400534e-03" type="0"/>
    <Peak1D F1="0.433414" intensity="1.204746e-03" type="0"/>
    <Peak1D F1="0.389443" intensity="1.287143e-03" type="0"/>
    <Peak1D F1="0.356425" intensity="1.548642e-03" type="0"/>
    <Peak1D F1="0.350964" intensity="1.458505e-03" type="0"/>
    <Peak1D F1="0.320673" intensity="9.471044e-04" type="0"/>
    <Peak1D F1="0.312063" intensity="1.300807e-03" type="0"/>
    <Peak1D F1="0.297094" intensity="1.052528e-03" type="0"/>
    <Peak1D F1="0.257539" intensity="1.135602e-03" type="0"/>
    <Peak1D F1="0.238510" intensity="1.170334e-03" type="0"/>
    <Peak1D F1="0.207974" intensity="1.151982e-03" type="0"/>
    <Peak1D F1="0.198619" intensity="1.080004e-03" type="0"/>
    <Peak1D F1="0.155012" intensity="8.816137e-04" type="0"/>
    <Peak1D F1="0.105314" intensity="8.334018e-04" type="0"/>
    <Peak1D F1="-0.000157" intensity="4.024993e-02" type="0"/>
    <Peak1D F1="-0.030946" intensity="2.057533e-03" type="0"/>
    <Peak1D F1="-0.034926" intensity="2.119163e-03" type="0"/>
    <Peak1D F1="-0.100654" intensity="1.427002e-03" type="0"/>
    <Peak1D F1="-0.106880" intensity="1.429185e-03" type="0"/>
    <Peak1D F1="-0.122956" intensity="1.139939e-03" type="0"/>
    <Peak1D F1="-0.148868" intensity="9.800723e-04" type="0"/>
    <Peak1D F1="-0.196044" intensity="8.949531e-04" type="0"/>
    <Peak1D F1="-0.251932" intensity="1.019322e-03" type="0"/>
    <Peak1D F1="-0.271266" intensity="9.031760e-04" type="0"/>
    <Peak1D F1="-0.285896" intensity="8.252634e-04" type="0"/>
    <Peak1D F1="-0.299619" intensity="9.172259e-04" type="0"/>
    <Peak1D F1="-0.322198" intensity="1.008941e-03" type="0"/>
    <Peak1D F1="-0.332586" intensity="9.517116e-04" type="0"/>
    <Peak1D F1="-0.380433" intensity="1.008382e-03" type="0"/>
    <Peak1D F1="-0.413549" intensity="8.098913e-04" type="0"/>
    <Peak1D F1="-0.566787" intensity="8.166254e-04" type="0"/>
    <Peak1D F1="-0.902842" intensity="8.037910e-04" type="0"/>
    <Peak1D F1="-3.224105" intensity="8.908662e-04" type="0"/>
    <Peak1D F1="-3.244150" intensity="8.460253e-04" type="0"/>
    <Peak1D F1="-3.341257" intensity="8.113932e-04" type="0"/>
    <Peak1D F1="-3.378628" intensity="1.106663e-03" type="0"/>
    <Peak1D F1="-3.384452" intensity="8.701756e-04" type="0"/>
    <Peak1D F1="-3.418544" intensity="9.568336e-04" type="0"/>
    <Peak1D F1="-3.431342" intensity="8.721251e-04" type="0"/>
    <Peak1D F1="-3.448422" intensity="9.105418e-04" type="0"/>
  </PeakList1D>
</PeakList>
