<?xml version="1.0" encoding="UTF-8"?>
<PeakList>
  <PeakList1D>
    <PeakList1DHeader creator="nmr" date="2020-03-09T11:24:04.517-04:00" expNo="12" name="03082020_DMSO NNDMA" owner="" procNo="1" source="/opt/topspin3.0/data/UG_labs/nmr">
      <PeakPickDetails>F1=16.159201ppm, F2=-3.868511ppm, MI=0.00cm, MAXI=10000.00cm, PC=1.000
      </PeakPickDetails>
    </PeakList1DHeader>
    <Peak1D F1="14.957051" intensity="6.333770e-04" type="0"/>
    <Peak1D F1="14.335573" intensity="5.936712e-04" type="0"/>
    <Peak1D F1="9.157245" intensity="7.067921e-04" type="0"/>
    <Peak1D F1="8.225743" intensity="6.250633e-04" type="0"/>
    <Peak1D F1="7.003001" intensity="6.163515e-04" type="0"/>
    <Peak1D F1="6.248198" intensity="6.384169e-04" type="0"/>
    <Peak1D F1="4.165270" intensity="6.361867e-04" type="0"/>
    <Peak1D F1="4.111984" intensity="7.108614e-04" type="0"/>
    <Peak1D F1="4.031311" intensity="6.345952e-04" type="0"/>
    <Peak1D F1="3.977267" intensity="6.822828e-04" type="0"/>
    <Peak1D F1="3.944591" intensity="6.755692e-04" type="0"/>
    <Peak1D F1="3.890647" intensity="8.408391e-04" type="0"/>
    <Peak1D F1="3.869418" intensity="7.173246e-04" type="0"/>
    <Peak1D F1="3.837112" intensity="7.784593e-04" type="0"/>
    <Peak1D F1="3.806199" intensity="6.797798e-04" type="0"/>
    <Peak1D F1="3.750539" intensity="8.129727e-04" type="0"/>
    <Peak1D F1="3.732844" intensity="7.886846e-04" type="0"/>
    <Peak1D F1="3.724470" intensity="8.636866e-04" type="0"/>
    <Peak1D F1="3.703464" intensity="8.804381e-04" type="0"/>
    <Peak1D F1="3.681827" intensity="1.069402e-03" type="0"/>
    <Peak1D F1="3.658232" intensity="1.179023e-03" type="0"/>
    <Peak1D F1="3.633483" intensity="9.766468e-04" type="0"/>
    <Peak1D F1="3.593361" intensity="1.203988e-03" type="0"/>
    <Peak1D F1="3.570253" intensity="1.593139e-03" type="0"/>
    <Peak1D F1="3.536986" intensity="1.495325e-03" type="0"/>
    <Peak1D F1="3.497191" intensity="1.595147e-03" type="0"/>
    <Peak1D F1="3.483751" intensity="1.576564e-03" type="0"/>
    <Peak1D F1="3.438268" intensity="2.003092e-03" type="0"/>
    <Peak1D F1="3.402398" intensity="2.057234e-03" type="0"/>
    <Peak1D F1="3.351376" intensity="2.351577e-03" type="0"/>
    <Peak1D F1="3.314376" intensity="2.636978e-03" type="0"/>
    <Peak1D F1="3.298537" intensity="3.667528e-03" type="0"/>
    <Peak1D F1="3.286969" intensity="3.751268e-03" type="0"/>
    <Peak1D F1="3.257235" intensity="4.080851e-03" type="0"/>
    <Peak1D F1="3.056496" intensity="2.413027e-02" type="0"/>
    <Peak1D F1="2.992874" intensity="6.897392e-02" type="0"/>
    <Peak1D F1="2.989866" intensity="7.165017e-02" type="0"/>
    <Peak1D F1="2.987689" intensity="7.366684e-02" type="0"/>
    <Peak1D F1="2.962868" intensity="1.197906e-01" type="0"/>
    <Peak1D F1="2.925209" intensity="3.129065e-01" type="0"/>
    <Peak1D F1="2.923236" intensity="3.140617e-01" type="0"/>
    <Peak1D F1="2.920975" intensity="3.090667e-01" type="0"/>
    <Peak1D F1="2.894364" intensity="8.253747e-01" type="0"/>
    <Peak1D F1="2.856500" intensity="1.021313e+01" type="0"/>
    <Peak1D F1="2.825704" intensity="6.515982e-01" type="0"/>
    <Peak1D F1="2.821271" intensity="5.499760e-01" type="0"/>
    <Peak1D F1="2.785388" intensity="1.258945e-01" type="0"/>
    <Peak1D F1="2.684547" intensity="1.609197e-02" type="0"/>
    <Peak1D F1="2.618415" intensity="3.312945e-03" type="0"/>
    <Peak1D F1="2.595127" intensity="2.789137e-03" type="0"/>
    <Peak1D F1="2.591919" intensity="4.411206e-03" type="0"/>
    <Peak1D F1="2.588847" intensity="6.625447e-03" type="0"/>
    <Peak1D F1="2.585654" intensity="5.395626e-03" type="0"/>
    <Peak1D F1="2.565674" intensity="8.091914e-04" type="0"/>
    <Peak1D F1="2.547200" intensity="2.352556e-03" type="0"/>
    <Peak1D F1="2.544062" intensity="1.891662e-03" type="0"/>
    <Peak1D F1="2.496848" intensity="1.079347e-02" type="0"/>
    <Peak1D F1="2.493922" intensity="1.054462e-02" type="0"/>
    <Peak1D F1="2.490742" intensity="8.904012e-03" type="0"/>
    <Peak1D F1="2.482928" intensity="3.798689e-01" type="0"/>
    <Peak1D F1="2.479815" intensity="7.757040e-01" type="0"/>
    <Peak1D F1="2.476685" intensity="1.118023e+00" type="0"/>
    <Peak1D F1="2.473548" intensity="8.129717e-01" type="0"/>
    <Peak1D F1="2.470439" intensity="4.291585e-01" type="0"/>
    <Peak1D F1="2.452885" intensity="1.359518e-03" type="0"/>
    <Peak1D F1="2.449503" intensity="8.644978e-03" type="0"/>
    <Peak1D F1="2.446341" intensity="1.646520e-02" type="0"/>
    <Peak1D F1="2.443172" intensity="2.116721e-02" type="0"/>
    <Peak1D F1="2.440093" intensity="1.506917e-02" type="0"/>
    <Peak1D F1="2.437204" intensity="7.845480e-03" type="0"/>
    <Peak1D F1="2.425379" intensity="7.302088e-04" type="0"/>
    <Peak1D F1="2.421512" intensity="1.341713e-03" type="0"/>
    <Peak1D F1="2.418140" intensity="1.356635e-03" type="0"/>
    <Peak1D F1="2.414776" intensity="6.724371e-04" type="0"/>
    <Peak1D F1="2.363782" intensity="1.742100e-03" type="0"/>
    <Peak1D F1="2.360649" intensity="3.531182e-03" type="0"/>
    <Peak1D F1="2.357584" intensity="1.434351e-03" type="0"/>
    <Peak1D F1="2.348205" intensity="3.356080e-03" type="0"/>
    <Peak1D F1="2.045725" intensity="9.146811e-02" type="0"/>
    <Peak1D F1="2.009107" intensity="3.809131e-02" type="0"/>
    <Peak1D F1="1.962909" intensity="8.280441e-02" type="0"/>
    <Peak1D F1="1.953856" intensity="3.247133e-02" type="0"/>
    <Peak1D F1="1.941049" intensity="1.500000e+01" type="0"/>
    <Peak1D F1="1.925772" intensity="2.611611e-01" type="0"/>
    <Peak1D F1="1.911632" intensity="1.539264e-01" type="0"/>
    <Peak1D F1="1.907245" intensity="2.806086e-01" type="0"/>
    <Peak1D F1="1.890064" intensity="5.526609e-02" type="0"/>
    <Peak1D F1="1.885258" intensity="4.747769e-02" type="0"/>
    <Peak1D F1="1.877149" intensity="5.002101e-02" type="0"/>
    <Peak1D F1="1.868852" intensity="1.528797e-02" type="0"/>
    <Peak1D F1="1.861936" intensity="1.206692e-02" type="0"/>
    <Peak1D F1="1.853732" intensity="1.737188e-02" type="0"/>
    <Peak1D F1="1.847208" intensity="1.370527e-02" type="0"/>
    <Peak1D F1="1.833026" intensity="1.164414e-01" type="0"/>
    <Peak1D F1="1.817864" intensity="1.227847e-02" type="0"/>
    <Peak1D F1="1.808055" intensity="1.204217e-02" type="0"/>
    <Peak1D F1="1.799422" intensity="1.072088e-02" type="0"/>
    <Peak1D F1="1.777604" intensity="9.572796e-03" type="0"/>
    <Peak1D F1="1.750121" intensity="7.033721e-03" type="0"/>
    <Peak1D F1="1.743068" intensity="8.021761e-03" type="0"/>
    <Peak1D F1="1.723326" intensity="5.282656e-03" type="0"/>
    <Peak1D F1="1.701715" intensity="4.220182e-03" type="0"/>
    <Peak1D F1="1.683958" intensity="4.045376e-03" type="0"/>
    <Peak1D F1="1.664771" intensity="4.120104e-03" type="0"/>
    <Peak1D F1="1.637836" intensity="3.515226e-03" type="0"/>
    <Peak1D F1="1.613461" intensity="3.299442e-03" type="0"/>
    <Peak1D F1="1.572069" intensity="3.006320e-03" type="0"/>
    <Peak1D F1="1.499201" intensity="2.370889e-03" type="0"/>
    <Peak1D F1="1.483727" intensity="2.281496e-03" type="0"/>
    <Peak1D F1="1.460634" intensity="2.304364e-03" type="0"/>
    <Peak1D F1="1.448645" intensity="2.087700e-03" type="0"/>
    <Peak1D F1="1.413470" intensity="2.066211e-03" type="0"/>
    <Peak1D F1="1.355706" intensity="1.584654e-03" type="0"/>
    <Peak1D F1="1.346881" intensity="1.711535e-03" type="0"/>
    <Peak1D F1="1.331265" intensity="1.624887e-03" type="0"/>
    <Peak1D F1="1.300574" intensity="1.674430e-03" type="0"/>
    <Peak1D F1="1.269672" intensity="1.376102e-03" type="0"/>
    <Peak1D F1="1.258104" intensity="1.917280e-03" type="0"/>
    <Peak1D F1="1.247950" intensity="1.329435e-03" type="0"/>
    <Peak1D F1="1.214911" intensity="1.311783e-03" type="0"/>
    <Peak1D F1="1.188507" intensity="1.304137e-03" type="0"/>
    <Peak1D F1="1.179807" intensity="1.318842e-03" type="0"/>
    <Peak1D F1="1.162987" intensity="1.279210e-03" type="0"/>
    <Peak1D F1="1.125701" intensity="1.089307e-03" type="0"/>
    <Peak1D F1="1.108688" intensity="1.071520e-03" type="0"/>
    <Peak1D F1="1.085644" intensity="1.090032e-03" type="0"/>
    <Peak1D F1="1.077561" intensity="1.135470e-03" type="0"/>
    <Peak1D F1="1.056089" intensity="1.181625e-03" type="0"/>
    <Peak1D F1="1.047444" intensity="1.213203e-03" type="0"/>
    <Peak1D F1="1.031020" intensity="1.151044e-03" type="0"/>
    <Peak1D F1="1.014653" intensity="1.756253e-03" type="0"/>
    <Peak1D F1="1.002803" intensity="2.448906e-03" type="0"/>
    <Peak1D F1="0.990341" intensity="1.275211e-03" type="0"/>
    <Peak1D F1="0.944803" intensity="9.049677e-04" type="0"/>
    <Peak1D F1="0.930861" intensity="7.684079e-04" type="0"/>
    <Peak1D F1="0.914875" intensity="7.670131e-04" type="0"/>
    <Peak1D F1="0.900700" intensity="7.489498e-04" type="0"/>
    <Peak1D F1="0.858668" intensity="7.974010e-04" type="0"/>
    <Peak1D F1="0.848583" intensity="8.560062e-04" type="0"/>
    <Peak1D F1="0.827774" intensity="7.905414e-04" type="0"/>
    <Peak1D F1="0.813308" intensity="8.385990e-04" type="0"/>
    <Peak1D F1="0.716141" intensity="6.747167e-04" type="0"/>
    <Peak1D F1="0.702990" intensity="6.761152e-04" type="0"/>
    <Peak1D F1="0.690885" intensity="6.183626e-04" type="0"/>
    <Peak1D F1="0.581098" intensity="7.639899e-04" type="0"/>
    <Peak1D F1="0.447675" intensity="7.165223e-04" type="0"/>
    <Peak1D F1="0.433934" intensity="6.547266e-04" type="0"/>
    <Peak1D F1="0.005334" intensity="1.127228e-03" type="0"/>
    <Peak1D F1="-0.000153" intensity="1.119608e-01" type="0"/>
    <Peak1D F1="-0.029827" intensity="1.704119e-03" type="0"/>
    <Peak1D F1="-0.033952" intensity="2.563989e-03" type="0"/>
    <Peak1D F1="-0.052548" intensity="9.870453e-04" type="0"/>
    <Peak1D F1="-0.101120" intensity="8.519134e-04" type="0"/>
    <Peak1D F1="-0.277812" intensity="6.828622e-04" type="0"/>
    <Peak1D F1="-3.035836" intensity="6.212101e-04" type="0"/>
    <Peak1D F1="-3.181150" intensity="7.411670e-04" type="0"/>
    <Peak1D F1="-3.333266" intensity="6.424425e-04" type="0"/>
    <Peak1D F1="-3.431953" intensity="7.509806e-04" type="0"/>
  </PeakList1D>
</PeakList>
